Name,CompanyID,Size,State,Country,CEO FirstName,CEO LastName,YearEstablished,NetWorth,URL
Aliquam Rutrum LLP,2487,463,Loreto,Australia,Clarke,Michael,1881,1114192843,aliquam.rutrum.llp.com
Non Vestibulum Ltd,6173,918,Lubelskie,Australia,Ciara,Edwards,1873,1378456410,non.vestibulum.ltd.com
Turpis Nec Institute,2769,501,Norfolk,South Korea,Ishmael,Patrick,1889,686952304,turpis.nec.institute.com
Pede Ac Corporation,6930,837,Imo,Germany,Paloma,Oneil,1945,1460809923,pede.ac.corporation.com
Dictum Phasellus Associates,5963,290,Biobío,Pakistan,Quynn,Dixon,1894,1555324852,dictum.phasellus.associates.com
Vehicula Aliquet PC,5105,814,Brussels Hoofdstedelijk Gewest,India,Jada,Duran,1871,1439607959,vehicula.aliquet.pc.com
Mi Lacinia LLC,2657,445,Basilicata,South Korea,Tyrone,Sloan,1867,455527092,mi.lacinia.llc.com
Risus Donec Egestas Inc.,3613,557,Western Australia,Brazil,Justin,Kelly,1945,642793653,risus.donec.egestas.inc.com
Arcu Vel Associates,6805,984,Córdoba,Costa Rica,Leah,Lindsey,1991,522241970,arcu.vel.associates.com
Sed Neque Institute,8311,429,FATA,Poland,Wylie,Grimes,2003,1428510656,sed.neque.institute.com
Donec Fringilla Corporation,2019,335,Maharastra,United States,Astra,Small,1852,797714154,donec.fringilla.corporation.com
Dictum Ltd,4583,516,Chandigarh,Belgium,Adena,Glover,1953,768470464,dictum.ltd.com
Eget Incorporated,8730,753,Dorset,France,Jasper,Burke,1921,1771797254,eget.incorporated.com
Mauris Magna Inc.,3257,532,North Chungcheong,Poland,Alfonso,Horne,1975,920717364,mauris.magna.inc.com
Integer Corporation,2294,406,South Sulawesi,Vietnam,Dean,Mcintyre,1944,358907316,integer.corporation.com
Consectetuer Cursus Incorporated,2665,290,Aragón,New Zealand,Quail,Delacruz,2016,1445132054,consectetuer.cursus.incorporated.com
Duis Gravida Corp.,7775,899,Huila,United Kingdom,Bethany,Best,1885,30376931,duis.gravida.corp.com
Turpis Nec Mauris Corporation,9275,36,Ogun,Peru,Jonah,Mcpherson,1964,323167859,turpis.nec.mauris.corporation.com
Interdum Company,5142,179,Coahuila,New Zealand,Cameron,Odom,1884,361887934,interdum.company.com
Lacus Company,6264,344,Yukon,New Zealand,Gray,Nieves,1907,1744213648,lacus.company.com
Velit Ltd,8127,706,Stockholms län,Chile,Hunter,Taylor,1962,702650226,velit.ltd.com
Congue A Corporation,8340,588,Lombardia,Pakistan,Brynne,Alexander,1881,514539200,congue.a.corporation.com
Aenean Massa PC,8654,166,FATA,Germany,Kiayada,Mcleod,1866,1552827548,aenean.massa.pc.com
Ut Molestie In Associates,7802,522,Northwest Territories,Germany,Yuri,Keith,1886,1181379608,ut.molestie.in.associates.com
Pellentesque PC,3212,643,West-Vlaanderen,Germany,Dawn,Carrillo,1928,995132841,pellentesque.pc.com
Tempus Risus Ltd,1167,151,Ulster,Canada,Maryam,Cash,1926,57367900,tempus.risus.ltd.com
Cursus Et Eros Limited,2774,11,Niger,New Zealand,Cairo,Rollins,1856,851874672,cursus.et.eros.limited.com
Ac Nulla Institute,7169,171,South Australia,Australia,Ryder,Dyer,1886,163268458,ac.nulla.institute.com
Nunc Sed Orci PC,3152,163,Cornwall,Canada,Jakeem,Rosa,1920,766622622,nunc.sed.orci.pc.com
Donec Sollicitudin Adipiscing Foundation,1961,661,West Bengal,Canada,Ezekiel,Golden,1862,1394667583,donec.sollicitudin.adipiscing.foundation.com
Risus Donec Foundation,1305,412,Provence-Alpes-Côte d'Azur,Ireland,Martha,Garner,1851,771359724,risus.donec.foundation.com
Proin Inc.,9495,451,Kujawsko-pomorskie,Colombia,Erich,Woodard,1890,997619941,proin.inc.com
Ultrices Associates,4050,624,Navarra,Sweden,Oleg,Peters,1929,733859789,ultrices.associates.com
Lorem Luctus LLP,1208,49,Madrid,Indonesia,Kevyn,Britt,2006,1448888050,lorem.luctus.llp.com
Eget Nisi LLP,9716,177,Northern Territory,Mexico,Brenna,Anderson,1865,903199477,eget.nisi.llp.com
Dis Parturient LLP,1179,364,Vichada,United States,Althea,Cameron,2021,1763959411,dis.parturient.llp.com
A Corp.,7060,31,Noord Holland,United Kingdom,Phoebe,Lara,1901,1064423197,a.corp.com
Mollis Industries,9851,865,Henegouwen,Canada,Leroy,Puckett,1874,1714102561,mollis.industries.com
Adipiscing Fringilla Porttitor Incorporated,2081,506,Ogun,Indonesia,Thor,Craft,1860,1674140042,adipiscing.fringilla.porttitor.incorporated.com
Turpis LLP,8868,538,Puntarenas,Spain,Drake,Barton,2012,1798240535,turpis.llp.com
Eleifend Vitae Company,8695,455,Banten,Spain,Alisa,Nguyen,1984,936802154,eleifend.vitae.company.com
Feugiat Non Lobortis LLP,2780,68,Murmansk Oblast,Mexico,Ainsley,Wright,1924,1270544653,feugiat.non.lobortis.llp.com
Non Dui Corp.,5106,636,Australian Capital Territory,United Kingdom,Fatima,Wood,2018,679224237,non.dui.corp.com
Risus Limited,8265,624,Đồng Nai,Germany,Barbara,Cox,1966,1386797864,risus.limited.com
Enim Associates,1413,990,Östergötlands län,Russian Federation,Louis,Lang,1874,1441764315,enim.associates.com
Arcu Corp.,9608,605,Sinaloa,Netherlands,Hedley,Burch,1872,936949151,arcu.corp.com
Euismod Company,9742,434,Ankara,Canada,Hillary,Adams,1867,102616971,euismod.company.com
Nunc Id Limited,4695,823,Brussels Hoofdstedelijk Gewest,Vietnam,Tyrone,Chandler,1943,1223306030,nunc.id.limited.com
Fermentum Fermentum LLC,5841,383,Nariño,Pakistan,Iris,Cooley,1956,655457312,fermentum.fermentum.llc.com
Blandit Mattis Cras Inc.,5175,983,Northern Territory,Spain,Knox,Collier,1949,1656203534,blandit.mattis.cras.inc.com
Tellus LLC,1989,224,Manipur,Sweden,Martha,Shields,1937,1290434811,tellus.llc.com
At LLC,4125,865,Punjab,Indonesia,Adele,Dunlap,2014,40923741,at.llc.com
Adipiscing Fringilla Associates,5624,108,Pará,United Kingdom,Sasha,Avila,1893,802853411,adipiscing.fringilla.associates.com
Gravida LLP,8727,72,Vlaams-Brabant,Australia,Pamela,Everett,1858,638220449,gravida.llp.com
Nunc Sit Inc.,3919,492,Burgenland,Brazil,Hanna,Vinson,1948,1228744906,nunc.sit.inc.com
Dui Institute,2120,539,Bắc Kạn,Russian Federation,Vernon,Walsh,1981,332485219,dui.institute.com
Ac Feugiat Limited,4615,619,Lambayeque,Spain,Jacob,Gentry,2009,869469724,ac.feugiat.limited.com
Rutrum Industries,9205,968,São Paulo,United Kingdom,Francesca,Castro,1891,1517229404,rutrum.industries.com
Ut Molestie Institute,1138,389,Salzburg,India,Cyrus,Ochoa,1931,1343805297,ut.molestie.institute.com
Leo Elementum Sem Incorporated,3745,971,Saskatchewan,United Kingdom,Hamilton,Cochran,1859,869131864,leo.elementum.sem.incorporated.com
Vestibulum Massa Consulting,9107,554,Burgenland,Austria,Reed,Hogan,1877,1148279572,vestibulum.massa.consulting.com
Dui Nec PC,7779,871,Östergötlands län,Mexico,Giselle,Reeves,1904,219754672,dui.nec.pc.com
Cum Corporation,6977,738,Alajuela,Mexico,Hammett,Walter,1876,434337374,cum.corporation.com
In Faucibus Foundation,6811,119,Norte de Santander,Turkey,Cathleen,Carrillo,1882,1316136769,in.faucibus.foundation.com
Nisl Arcu Ltd,4553,14,Tarapacá,South Korea,Vivien,Delgado,1991,791634056,nisl.arcu.ltd.com
Gravida Nunc Ltd,3167,223,Gelderland,United Kingdom,Lyle,Chen,2003,1523718577,gravida.nunc.ltd.com
Dui Cras Pellentesque Institute,2694,823,Newfoundland and Labrador,Spain,Peter,Levine,1928,1331254455,dui.cras.pellentesque.institute.com
Dui Institute,3846,143,Sindh,South Korea,Sierra,Sullivan,1895,885779520,dui.institute.com
Erat Vivamus PC,5639,762,Manitoba,United Kingdom,Nevada,Hood,1855,826189177,erat.vivamus.pc.com
Erat Eget Tincidunt Corporation,9427,172,Connacht,Pakistan,Giacomo,Mclaughlin,1983,1288607487,erat.eget.tincidunt.corporation.com
Massa Integer Limited,2650,661,Borno,Austria,Plato,Waller,1952,904902611,massa.integer.limited.com
Vulputate Mauris Corporation,7361,237,Overijssel,Australia,Tatyana,Nguyen,1929,1034379045,vulputate.mauris.corporation.com
Nam Porttitor Corp.,1656,38,Drenthe,Austria,Beau,Douglas,1937,1138800195,nam.porttitor.corp.com
Curabitur Sed Foundation,1128,387,Bedfordshire,Brazil,Karleigh,Colon,1922,836034403,curabitur.sed.foundation.com
Sagittis Duis LLP,7304,87,Oost-Vlaanderen,Australia,Jeremy,Guthrie,2000,264290957,sagittis.duis.llp.com
Sodales Elit LLC,9720,495,Carinthia,Austria,Kelsey,Macias,2005,759569680,sodales.elit.llc.com
A Nunc In Incorporated,5320,635,Hồ Chí Minh City,Colombia,Chandler,Daniel,1880,607441049,a.nunc.in.incorporated.com
Ac Risus Morbi Corp.,6476,382,Limón,South Korea,Bruce,Molina,1931,694103400,ac.risus.morbi.corp.com
Facilisis Suspendisse Commodo Institute,1813,291,North Island,France,Shellie,Mcmillan,1992,1402669558,facilisis.suspendisse.commodo.institute.com
Quisque Nonummy Corp.,8787,316,Gelderland,India,Lavinia,Riggs,2020,484170823,quisque.nonummy.corp.com
Et Ultrices Associates,2642,794,Rajasthan,New Zealand,Felix,Peterson,2008,345668894,et.ultrices.associates.com
Id Corporation,3274,128,Opolskie,Turkey,Coby,Bullock,1852,454200161,id.corporation.com
Magna Sed Dui PC,2856,837,Galicia,South Korea,Hilel,Nelson,1878,480068178,magna.sed.dui.pc.com
Duis Dignissim Tempor LLC,8476,823,Azad Kashmir,Austria,Maris,Byrd,1943,586536015,duis.dignissim.tempor.llc.com
Nec Diam Duis Incorporated,1803,503,Rio de Janeiro,Australia,Naida,Hurley,2018,1340066437,nec.diam.duis.incorporated.com
Nullam Company,6468,670,Arauca,Germany,Price,Ferrell,2002,1700788919,nullam.company.com
Ipsum Suspendisse Institute,9480,334,Lampung,Costa Rica,Garth,Watson,1861,1692246599,ipsum.suspendisse.institute.com
Sed Nulla Ante LLC,2219,906,Valparaíso,France,Tarik,Knapp,1868,86822499,sed.nulla.ante.llc.com
Enim Nunc Corp.,5716,117,Lower Austria,Colombia,Paloma,Clarke,1900,653935579,enim.nunc.corp.com
Lorem Luctus Limited,7722,155,Loreto,Mexico,Madeson,Hall,1908,704652635,lorem.luctus.limited.com
Convallis Corporation,2111,236,Paraíba,Turkey,Cairo,Morris,2008,1061757736,convallis.corporation.com
Aliquet Institute,3066,403,San José,Brazil,Dai,Welch,1852,759126374,aliquet.institute.com
Ornare Egestas Industries,9837,610,Mexico City,Belgium,Clarke,Malone,1943,931544098,ornare.egestas.industries.com
Aliquam Adipiscing Limited,8608,395,Amazonas,Nigeria,Halla,Tanner,1884,1221462554,aliquam.adipiscing.limited.com
Non Hendrerit Id Corp.,3079,45,Dolnośląskie,Sweden,Nita,Barrett,1884,1371112088,non.hendrerit.id.corp.com
Ornare Egestas Company,8255,663,Distrito Capital,Costa Rica,Ira,Zimmerman,1866,1489759874,ornare.egestas.company.com
Tempor Erat Neque Associates,8014,242,Marche,Italy,Dorian,Ratliff,1924,612887623,tempor.erat.neque.associates.com
Sem Elit Consulting,8892,214,Basilicata,South Korea,Cailin,Howell,1900,1012859637,sem.elit.consulting.com
Nascetur Ridiculus Inc.,3052,127,Chiapas,Turkey,Ivy,Reed,1952,2056283,nascetur.ridiculus.inc.com
Nec Ligula Corporation,7490,691,Biobío,Australia,Pearl,Albert,1915,1228633589,nec-ligula-corporation.com