First Name,Last Name,JobID,Phone #,Email,Comments,FileName,School ID
Britanney,Wiggins,1356,1-423-546-8022,magnis@velvenenatis.net,lorem tristique,Britanney_Wiggins_Resume.pdf,1347
Silas,Mills,4677,(223) 335-9534,enim.sit.amet@malesuadavel.ca,vitae nibh. Donec est,Silas_Mills_Resume.pdf,3727
Myles,Hensley,9941,(176) 568-2311,ipsum.dolor@luctusetultrices.edu,"Medge,Molina,6,(561) 664-6953,elit.erat@orci.net,vestibulum nec, euismod in, dolor. Fusce feugiat. Lorem ipsum dolor sit amet, consectetuer adipiscing,William_Sheppard_Files.pdf",Myles_Hensley_Resume.pdf,6424
Ruby,Lawrence,1876,(452) 359-6081,praesent.interdum@aliquameros.co.uk,tortor. Nunc commodo,Ruby_Lawrence_Resume.pdf,1640
Karly,Hartman,9405,1-254-438-4713,justo.eu.arcu@tinciduntcongue.org,"Medge,Molina,6,(561) 664-6953,elit.erat@orci.net,vestibulum nec, euismod in, dolor. Fusce feugiat. Lorem ipsum dolor sit amet, consectetuer adipiscing,William_Sheppard_Files.pdf",Karly_Hartman_Resume.pdf,9988
Medge,Molina,9538,(561) 664-6953,elit.erat@orci.net,"Medge,Molina,6,(561) 664-6953,elit.erat@orci.net,vestibulum nec, euismod in, dolor. Fusce feugiat. Lorem ipsum dolor sit amet, consectetuer adipiscing,William_Sheppard_Files.pdf",Genevieve_Murphy_Files.pdf,4965
Wyoming,Alvarado,4597,1-575-887-6737,malesuada.augue.ut@etnetus.edu,"Medge,Molina,6,(561) 664-6953,elit.erat@orci.net,vestibulum nec, euismod in, dolor. Fusce feugiat. Lorem ipsum dolor sit amet, consectetuer adipiscing,William_Sheppard_Files.pdf",Wyoming_Alvarado_Resume.pdf,5086
Glenna,Riddle,4855,(567) 367-3898,vivamus.molestie@inatpede.ca,Pellentesque habitant morbi tristique senectus et,Glenna_Riddle_Resume.pdf,5688
Carson,Morse,9656,(642) 891-3268,dolor.sit.amet@eratetiamvestibulum.edu,Nunc sed orci lobortis augue,Carson_Morse_Resume.pdf,1381
Boris,Noble,9672,(712) 344-3343,suspendisse@malesuadafringilla.com,vitae diam. Proin dolor.,Genevieve_Murphy_Files.pdf,5865
Ferris,Slater,4896,(565) 352-5367,molestie.in@duiaugue.net,sollicitudin adipiscing,Ferris_Slater_Resume.pdf,3575
Brock,Boyle,4678,(403) 920-7887,ultrices@nibhsit.org,"Medge,Molina,6,(561) 664-6953,elit.erat@orci.net,vestibulum nec, euismod in, dolor. Fusce feugiat. Lorem ipsum dolor sit amet, consectetuer adipiscing,William_Sheppard_Files.pdf",Brock_Boyle_Resume.pdf,5285
Angelica,Griffin,4489,1-953-197-2268,ante.maecenas.mi@etmagnis.com,Duis ac arcu. Nunc mauris. Morbi non sapien molestie orci tincidunt adipiscing. Mauris molestie pharetra nibh.,Angelica_Griffin_Resume.pdf,1787
George,Rowe,4767,(436) 645-7577,scelerisque.neque@velesttempor.org,vitae dolor. Donec fringilla.,Genevieve_Murphy_Files.pdf,8079
Jerry,Lott,9041,1-688-372-6412,tellus@condimentum.com,et libero. Proin mi. Aliquam,Jerry_Lott_Resume.pdf,1510
Gareth,Pacheco,8166,1-811-213-4133,vestibulum.ante.ipsum@loremvehicula.net,"Medge,Molina,6,(561) 664-6953,elit.erat@orci.net,vestibulum nec, euismod in, dolor. Fusce feugiat. Lorem ipsum dolor sit amet, consectetuer adipiscing,William_Sheppard_Files.pdf",Gareth_Pacheco_Resume.pdf,6006
Chaney,Best,2637,1-273-873-3661,turpis.non@nuncpulvinar.ca,"Medge,Molina,6,(561) 664-6953,elit.erat@orci.net,vestibulum nec, euismod in, dolor. Fusce feugiat. Lorem ipsum dolor sit amet, consectetuer adipiscing,William_Sheppard_Files.pdf",Chaney_Best_Resume.pdf,2925
Jack,Powers,7327,1-766-365-7427,mus.proin.vel@magnauttincidunt.ca,dictum,Genevieve_Murphy_Files.pdf,2102
Ryan,Reid,4615,(762) 655-9342,velit.aliquam.nisl@elitetiamlaoreet.com,"Medge,Molina,6,(561) 664-6953,elit.erat@orci.net,vestibulum nec, euismod in, dolor. Fusce feugiat. Lorem ipsum dolor sit amet, consectetuer adipiscing,William_Sheppard_Files.pdf",Ryan_Reid_Resume.pdf,6929
Joshua,Woodward,3585,(372) 639-9522,augue.eu@ipsum.com,Sed eu eros. Nam consequat dolor vitae dolor.,Joshua_Woodward_Resume.pdf,7243
Bernard,Baldwin,9141,(865) 224-8242,vestibulum.ante@utodiovel.org,"Medge,Molina,6,(561) 664-6953,elit.erat@orci.net,vestibulum nec, euismod in, dolor. Fusce feugiat. Lorem ipsum dolor sit amet, consectetuer adipiscing,William_Sheppard_Files.pdf",Bernard_Baldwin_Resume.pdf,8734
Lacy,Turner,7915,1-959-842-1544,magna.suspendisse@enimsuspendisse.ca,ornare,Genevieve_Murphy_Files.pdf,6867
Phelan,Walter,5079,1-624-743-6196,ipsum.porta@elitafeugiat.edu,"Medge,Molina,6,(561) 664-6953,elit.erat@orci.net,vestibulum nec, euismod in, dolor. Fusce feugiat. Lorem ipsum dolor sit amet, consectetuer adipiscing,William_Sheppard_Files.pdf",Phelan_Walter_Resume.pdf,6455
Bruno,Sellers,7009,1-267-645-2384,elit@vel.edu,"Medge,Molina,6,(561) 664-6953,elit.erat@orci.net,vestibulum nec, euismod in, dolor. Fusce feugiat. Lorem ipsum dolor sit amet, consectetuer adipiscing,William_Sheppard_Files.pdf",Bruno_Sellers_Resume.pdf,1382
Justina,Romero,7133,1-665-878-2011,libero.nec@lobortisrisusin.org,magnis dis parturient,Justina_Romero_Resume.pdf,8510
Lara,Snider,9825,(236) 434-8979,nec.enim.nunc@mauriseu.edu,magna. Duis dignissim tempor arcu. Vestibulum ut eros non enim commodo hendrerit. Donec porttitor tellus non magna. Nam ligula,Genevieve_Murphy_Files.pdf,8692
Maggie,Foley,6408,(551) 183-4152,aptent.taciti@seddictumproin.co.uk,mi. Duis,Maggie_Foley_Resume.pdf,1929
Duncan,Richard,9871,1-386-424-4724,magnis.dis@quispede.co.uk,"Medge,Molina,6,(561) 664-6953,elit.erat@orci.net,vestibulum nec, euismod in, dolor. Fusce feugiat. Lorem ipsum dolor sit amet, consectetuer adipiscing,William_Sheppard_Files.pdf",Duncan_Richard_Resume.pdf,4355
Sage,Ellison,3880,(531) 714-1076,pharetra.nam.ac@lobortisquis.com,Nam consequat dolor vitae dolor. Donec fringilla. Donec feugiat metus sit amet ante.,Sage_Ellison_Resume.pdf,9938
Brendan,Frederick,2589,(214) 968-5229,urna@egetlaoreetposuere.ca,"Medge,Molina,6,(561) 664-6953,elit.erat@orci.net,vestibulum nec, euismod in, dolor. Fusce feugiat. Lorem ipsum dolor sit amet, consectetuer adipiscing,William_Sheppard_Files.pdf",Genevieve_Murphy_Files.pdf,6320
Yuri,Gentry,2136,(762) 848-0743,maecenas.mi@iaculisaliquet.org,in faucibus orci,Yuri_Gentry_Resume.pdf,3307
Nash,Benson,9594,1-947-521-3775,rutrum.justo.praesent@tinciduntnequevitae.net,"Medge,Molina,6,(561) 664-6953,elit.erat@orci.net,vestibulum nec, euismod in, dolor. Fusce feugiat. Lorem ipsum dolor sit amet, consectetuer adipiscing,William_Sheppard_Files.pdf",Nash_Benson_Resume.pdf,3364
Chase,Holmes,8555,(165) 758-6353,eu.nulla@volutpatnulla.net,"Medge,Molina,6,(561) 664-6953,elit.erat@orci.net,vestibulum nec, euismod in, dolor. Fusce feugiat. Lorem ipsum dolor sit amet, consectetuer adipiscing,William_Sheppard_Files.pdf",Chase_Holmes_Resume.pdf,7032
Peter,Nixon,8658,(167) 996-5744,lectus.justo.eu@donec.edu,iaculis odio. Nam interdum enim non nisi. Aenean eget metus.,Genevieve_Murphy_Files.pdf,5587
Inez,Trevino,7375,(422) 340-6621,erat.vitae@dolorelit.ca,"Medge,Molina,6,(561) 664-6953,elit.erat@orci.net,vestibulum nec, euismod in, dolor. Fusce feugiat. Lorem ipsum dolor sit amet, consectetuer adipiscing,William_Sheppard_Files.pdf",Inez_Trevino_Resume.pdf,1805
Willow,Mccormick,5939,1-280-513-8818,a@aenean.org,"Medge,Molina,6,(561) 664-6953,elit.erat@orci.net,vestibulum nec, euismod in, dolor. Fusce feugiat. Lorem ipsum dolor sit amet, consectetuer adipiscing,William_Sheppard_Files.pdf",Willow_Mccormick_Resume.pdf,7454
Molly,Colon,2760,1-460-427-3406,erat.in@laoreet.co.uk,"Medge,Molina,6,(561) 664-6953,elit.erat@orci.net,vestibulum nec, euismod in, dolor. Fusce feugiat. Lorem ipsum dolor sit amet, consectetuer adipiscing,William_Sheppard_Files.pdf",Molly_Colon_Resume.pdf,3583
Nadine,Hooper,1944,(758) 564-8121,iaculis.odio@purusgravida.com,"Medge,Molina,6,(561) 664-6953,elit.erat@orci.net,vestibulum nec, euismod in, dolor. Fusce feugiat. Lorem ipsum dolor sit amet, consectetuer adipiscing,William_Sheppard_Files.pdf",Genevieve_Murphy_Files.pdf,8050
Jin,Whitaker,5396,(468) 264-9723,mollis.non@metus.edu,senectus et netus et malesuada fames ac turpis egestas. Aliquam fringilla cursus purus.,Jin_Whitaker_Resume.pdf,9582
Hedy,Dejesus,6948,1-954-738-6233,primis.in@metusaenean.ca,"Medge,Molina,6,(561) 664-6953,elit.erat@orci.net,vestibulum nec, euismod in, dolor. Fusce feugiat. Lorem ipsum dolor sit amet, consectetuer adipiscing,William_Sheppard_Files.pdf",Hedy_Dejesus_Resume.pdf,1498
Vera,Willis,1266,1-125-968-0343,pretium.aliquet@curabitur.org,"Medge,Molina,6,(561) 664-6953,elit.erat@orci.net,vestibulum nec, euismod in, dolor. Fusce feugiat. Lorem ipsum dolor sit amet, consectetuer adipiscing,William_Sheppard_Files.pdf",Vera_Willis_Resume.pdf,8683
Cassidy,Page,9857,(626) 447-4203,enim.etiam@rutrumjusto.com,"Medge,Molina,6,(561) 664-6953,elit.erat@orci.net,vestibulum nec, euismod in, dolor. Fusce feugiat. Lorem ipsum dolor sit amet, consectetuer adipiscing,William_Sheppard_Files.pdf",Genevieve_Murphy_Files.pdf,9105
Colby,Hampton,6865,1-215-894-3211,neque.pellentesque@anteipsumprimis.net,sit,Colby_Hampton_Resume.pdf,9054
Hayden,Atkinson,5726,(281) 285-3287,cursus.in.hendrerit@blanditcongue.org,mauris eu elit. Nulla facilisi. Sed,Hayden_Atkinson_Resume.pdf,6366
Cameran,Lindsey,2700,(562) 221-9176,semper.erat@arcuiaculis.edu,"Medge,Molina,6,(561) 664-6953,elit.erat@orci.net,vestibulum nec, euismod in, dolor. Fusce feugiat. Lorem ipsum dolor sit amet, consectetuer adipiscing,William_Sheppard_Files.pdf",Cameran_Lindsey_Resume.pdf,2911
Conan,Morton,4491,1-412-224-9182,id@nonbibendum.ca,consequat dolor vitae dolor. Donec fringilla. Donec feugiat metus sit,Genevieve_Murphy_Files.pdf,5245
Adrian,Schmidt,3565,1-367-318-1170,in.dolor@molestie.edu,"Medge,Molina,6,(561) 664-6953,elit.erat@orci.net,vestibulum nec, euismod in, dolor. Fusce feugiat. Lorem ipsum dolor sit amet, consectetuer adipiscing,William_Sheppard_Files.pdf",Adrian_Schmidt_Resume.pdf,3100
Marah,Mendoza,5566,1-793-225-7810,in.nec.orci@sed.com,neque pellentesque massa lobortis ultrices. Vivamus rhoncus. Donec,Marah_Mendoza_Resume.pdf,2500
Desiree,Cabrera,5178,(231) 836-7851,leo.cras.vehicula@vestibulumante.com,neque et nunc. Quisque ornare tortor at risus. Nunc ac,Desiree_Cabrera_Resume.pdf,2688
Zia,Kim,6666,(515) 843-2477,nulla.interdum@apurus.ca,"Medge,Molina,6,(561) 664-6953,elit.erat@orci.net,vestibulum nec, euismod in, dolor. Fusce feugiat. Lorem ipsum dolor sit amet, consectetuer adipiscing,William_Sheppard_Files.pdf",Genevieve_Murphy_Files.pdf,4825
Basil,Alston,6535,1-857-570-7167,leo.cras@purusnullam.co.uk,"Ira,Hernandez,56,1-165-778-4244,eget.nisi@magnisdisparturient.org,aliquet magna a neque. Nullam ut nisi a odio semper cursus. Integer mollis. Integer tincidunt,Indigo_Whitfield_Files.pdf",Basil_Alston_Resume.pdf,4438
Ruby,Jones,2520,(718) 762-7740,nulla.at@nuncac.edu,Morbi non sapien molestie orci tincidunt adipiscing.,Ruby_Jones_Resume.pdf,1805
Ariel,Duncan,5726,1-268-844-8361,fermentum.risus@ultricesiaculisodio.co.uk,elit. Nulla facilisi. Sed neque. Sed eget lacus. Mauris non dui nec,Ariel_Duncan_Resume.pdf,7454
Honorato,Barker,8164,1-785-228-8396,lacus.quisque.imperdiet@sempercursus.com,ac risus. Morbi metus. Vivamus euismod urna. Nullam lobortis quam a felis,Genevieve_Murphy_Files.pdf,3583
Nathaniel,Hurst,4040,(475) 402-2713,dolor.fusce@semperrutrumfusce.ca,turpis egestas. Aliquam fringilla cursus purus. Nullam scelerisque neque sed sem,Nathaniel_Hurst_Resume.pdf,8050
Ira,Hernandez,7696,1-165-778-4244,eget.nisi@magnisdisparturient.org,aliquet magna a neque. Nullam ut nisi a odio semper cursus. Integer mollis. Integer tincidunt,Ira_Hernandez_Resume.pdf,9582
Brett,Munoz,8710,1-222-570-5671,purus.ac.tellus@justo.ca,"Ira,Hernandez,56,1-165-778-4244,eget.nisi@magnisdisparturient.org,aliquet magna a neque. Nullam ut nisi a odio semper cursus. Integer mollis. Integer tincidunt,Indigo_Whitfield_Files.pdf",Brett_Munoz_Resume.pdf,1835
Ava,Juarez,4342,1-673-882-9144,suspendisse@ornare.org,"Ira,Hernandez,56,1-165-778-4244,eget.nisi@magnisdisparturient.org,aliquet magna a neque. Nullam ut nisi a odio semper cursus. Integer mollis. Integer tincidunt,Indigo_Whitfield_Files.pdf",Genevieve_Murphy_Files.pdf,2489
Rebekah,Simon,5802,1-243-824-2243,volutpat@venenatis.com,"Ira,Hernandez,56,1-165-778-4244,eget.nisi@magnisdisparturient.org,aliquet magna a neque. Nullam ut nisi a odio semper cursus. Integer mollis. Integer tincidunt,Indigo_Whitfield_Files.pdf",Rebekah_Simon_Resume.pdf,1989
Noble,Fisher,5651,1-643-415-3175,tempus.lorem@enimnec.ca,"Ira,Hernandez,56,1-165-778-4244,eget.nisi@magnisdisparturient.org,aliquet magna a neque. Nullam ut nisi a odio semper cursus. Integer mollis. Integer tincidunt,Indigo_Whitfield_Files.pdf",Noble_Fisher_Resume.pdf,3689
Charissa,Bishop,8847,1-338-626-5101,mus.donec@vulputateullamcorper.ca,"Ira,Hernandez,56,1-165-778-4244,eget.nisi@magnisdisparturient.org,aliquet magna a neque. Nullam ut nisi a odio semper cursus. Integer mollis. Integer tincidunt,Indigo_Whitfield_Files.pdf",Charissa_Bishop_Resume.pdf,6226
Azalia,Daugherty,3862,(293) 173-4204,dignissim.maecenas@enim.edu,vitae aliquam eros turpis non enim. Mauris,Genevieve_Murphy_Files.pdf,3141
Merritt,Blackwell,3685,1-846-513-7143,ac.arcu.nunc@iaculislacus.net,"Ira,Hernandez,56,1-165-778-4244,eget.nisi@magnisdisparturient.org,aliquet magna a neque. Nullam ut nisi a odio semper cursus. Integer mollis. Integer tincidunt,Indigo_Whitfield_Files.pdf",Merritt_Blackwell_Resume.pdf,4494
Travis,Salazar,1414,(252) 340-7841,ultrices.vivamus@loremauctorquis.net,dolor. Donec fringilla. Donec feugiat,Travis_Salazar_Resume.pdf,4165
Ross,Tillman,9905,1-546-611-6761,ante@arcu.edu,"Ira,Hernandez,56,1-165-778-4244,eget.nisi@magnisdisparturient.org,aliquet magna a neque. Nullam ut nisi a odio semper cursus. Integer mollis. Integer tincidunt,Indigo_Whitfield_Files.pdf",Ross_Tillman_Resume.pdf,4376
Lillith,Arnold,6863,(266) 488-1372,eget.metus@nullavulputate.com,"Ira,Hernandez,56,1-165-778-4244,eget.nisi@magnisdisparturient.org,aliquet magna a neque. Nullam ut nisi a odio semper cursus. Integer mollis. Integer tincidunt,Indigo_Whitfield_Files.pdf",Genevieve_Murphy_Files.pdf,6584
Gretchen,Solis,7567,(343) 904-4257,ultrices.vivamus@dictumsapienaenean.ca,euismod enim. Etiam gravida molestie arcu.,Gretchen_Solis_Resume.pdf,3338
Xantha,Moran,2683,(874) 726-3686,senectus@litoratorquent.co.uk,"Ira,Hernandez,56,1-165-778-4244,eget.nisi@magnisdisparturient.org,aliquet magna a neque. Nullam ut nisi a odio semper cursus. Integer mollis. Integer tincidunt,Indigo_Whitfield_Files.pdf",Xantha_Moran_Resume.pdf,6319
Larissa,Yang,5171,1-327-242-8828,in@suspendissesed.edu,"Ira,Hernandez,56,1-165-778-4244,eget.nisi@magnisdisparturient.org,aliquet magna a neque. Nullam ut nisi a odio semper cursus. Integer mollis. Integer tincidunt,Indigo_Whitfield_Files.pdf",Larissa_Yang_Resume.pdf,9822
Ashely,Mcclure,9475,1-683-975-5160,pede@utsemper.co.uk,"Ira,Hernandez,56,1-165-778-4244,eget.nisi@magnisdisparturient.org,aliquet magna a neque. Nullam ut nisi a odio semper cursus. Integer mollis. Integer tincidunt,Indigo_Whitfield_Files.pdf",Genevieve_Murphy_Files.pdf,6035
Chester,Reese,1147,(478) 774-3248,scelerisque.lorem@torquentper.net,"Ira,Hernandez,56,1-165-778-4244,eget.nisi@magnisdisparturient.org,aliquet magna a neque. Nullam ut nisi a odio semper cursus. Integer mollis. Integer tincidunt,Indigo_Whitfield_Files.pdf",Chester_Reese_Resume.pdf,5456
Rigel,David,6281,1-545-239-6238,ante@faucibusid.org,tortor at risus. Nunc,Rigel_David_Resume.pdf,6541
Pascale,Nelson,9698,1-615-167-9566,eget@leo.edu,"Ira,Hernandez,56,1-165-778-4244,eget.nisi@magnisdisparturient.org,aliquet magna a neque. Nullam ut nisi a odio semper cursus. Integer mollis. Integer tincidunt,Indigo_Whitfield_Files.pdf",Pascale_Nelson_Resume.pdf,2390
Alana,Terrell,2192,1-882-253-4743,vulputate.lacus@morbinonsapien.net,"Ira,Hernandez,56,1-165-778-4244,eget.nisi@magnisdisparturient.org,aliquet magna a neque. Nullam ut nisi a odio semper cursus. Integer mollis. Integer tincidunt,Indigo_Whitfield_Files.pdf",Genevieve_Murphy_Files.pdf,4411
Odette,Guzman,9285,(376) 935-4745,in.hendrerit@egestasascelerisque.org,semper tellus id nunc interdum feugiat. Sed nec metus facilisis lorem tristique aliquet. Phasellus fermentum convallis ligula. Donec luctus aliquet,Odette_Guzman_Resume.pdf,6896
Simone,Vazquez,7876,(127) 646-0610,nec.mollis@disparturient.edu,"Ira,Hernandez,56,1-165-778-4244,eget.nisi@magnisdisparturient.org,aliquet magna a neque. Nullam ut nisi a odio semper cursus. Integer mollis. Integer tincidunt,Indigo_Whitfield_Files.pdf",Simone_Vazquez_Resume.pdf,6867
Sandra,Hancock,7350,(281) 348-1883,feugiat.placerat@dictumphasellusin.com,Suspendisse sagittis. Nullam,Sandra_Hancock_Resume.pdf,6455
Yael,Brady,2143,1-933-706-1267,mauris.integer@enimnec.org,"Ira,Hernandez,56,1-165-778-4244,eget.nisi@magnisdisparturient.org,aliquet magna a neque. Nullam ut nisi a odio semper cursus. Integer mollis. Integer tincidunt,Indigo_Whitfield_Files.pdf",Genevieve_Murphy_Files.pdf,1382
Yen,Carey,3741,(612) 873-7443,donec@nislquisque.net,eu sem. Pellentesque ut,Yen_Carey_Resume.pdf,8510
Hoyt,Finley,7111,(913) 290-4832,id.enim@dictummagna.net,arcu ac orci. Ut,Hoyt_Finley_Resume.pdf,8692
Jameson,Compton,1767,1-721-337-3235,felis@placeratauguesed.net,"Ira,Hernandez,56,1-165-778-4244,eget.nisi@magnisdisparturient.org,aliquet magna a neque. Nullam ut nisi a odio semper cursus. Integer mollis. Integer tincidunt,Indigo_Whitfield_Files.pdf",Jameson_Compton_Resume.pdf,1929
Colleen,Mckee,8979,1-154-438-0645,vulputate.posuere@odioa.ca,erat. Etiam vestibulum massa rutrum,Genevieve_Murphy_Files.pdf,4355
Abigail,Finch,1821,1-952-442-7530,orci.ut@arcucurabiturut.edu,tellus id nunc interdum feugiat. Sed nec metus,Abigail_Finch_Resume.pdf,9938
Lane,Camacho,5273,1-633-634-5844,malesuada.malesuada@antebibendum.edu,lobortis tellus justo sit amet nulla. Donec,Lane_Camacho_Resume.pdf,6320
Hiram,Whitaker,2059,(114) 340-1856,sagittis.augue.eu@adipiscinglobortisrisus.org,"Ira,Hernandez,56,1-165-778-4244,eget.nisi@magnisdisparturient.org,aliquet magna a neque. Nullam ut nisi a odio semper cursus. Integer mollis. Integer tincidunt,Indigo_Whitfield_Files.pdf",Hiram_Whitaker_Resume.pdf,3307
Wynne,Barker,6662,(623) 644-2795,neque.nullam.nisl@etnetus.co.uk,at fringilla purus mauris a nunc. In at pede.,Genevieve_Murphy_Files.pdf,3364
Baxter,Stewart,1726,1-182-258-8757,ullamcorper@aenean.net,"Ira,Hernandez,56,1-165-778-4244,eget.nisi@magnisdisparturient.org,aliquet magna a neque. Nullam ut nisi a odio semper cursus. Integer mollis. Integer tincidunt,Indigo_Whitfield_Files.pdf",Baxter_Stewart_Resume.pdf,7032
Brooke,Maldonado,2887,1-842-326-2566,mauris.aliquam@pedenonummy.org,nisl. Quisque fringilla euismod enim.,Brooke_Maldonado_Resume.pdf,5587
Willa,Parsons,5854,1-614-253-1081,morbi.accumsan@maurisquis.org,at fringilla purus mauris a nunc. In at pede.,Willa_Parsons_Resume.pdf,1805
David,Watson,4272,(791) 455-4442,tortor.nunc@auctor.org,Donec dignissim magna a tortor.,Genevieve_Murphy_Files.pdf,7454
Ciara,Kent,2932,(429) 250-1717,justo.proin.non@lectusrutrumurna.co.uk,"Ira,Hernandez,56,1-165-778-4244,eget.nisi@magnisdisparturient.org,aliquet magna a neque. Nullam ut nisi a odio semper cursus. Integer mollis. Integer tincidunt,Indigo_Whitfield_Files.pdf",Ciara_Kent_Resume.pdf,3583
Chava,Brock,3038,1-379-987-2187,nunc.risus@magnauttincidunt.org,leo. Vivamus nibh,Chava_Brock_Resume.pdf,8050
Alyssa,Chambers,9370,(106) 316-6395,donec.tempus@atvelit.net,risus quis diam luctus lobortis. Class aptent,Alyssa_Chambers_Resume.pdf,9582
Karyn,Hood,3282,(838) 413-4680,lorem.ut@vulputateposuerevulputate.co.uk,"Ira,Hernandez,56,1-165-778-4244,eget.nisi@magnisdisparturient.org,aliquet magna a neque. Nullam ut nisi a odio semper cursus. Integer mollis. Integer tincidunt,Indigo_Whitfield_Files.pdf",Genevieve_Murphy_Files.pdf,1498
Karina,Goodwin,3171,1-781-434-3134,sed.neque@tinciduntdui.com,nulla. Integer urna. Vivamus molestie dapibus,Karina_Goodwin_Resume.pdf,2102
Warren,Alston,2168,(966) 727-0216,ante@ut.org,et ultrices posuere cubilia Curae Phasellus ornare. Fusce mollis. Duis sit amet diam eu dolor egestas rhoncus. Proin nisl,Warren_Alston_Resume.pdf,6929
Chadwick,Glover,3783,(244) 221-4444,felis.nulla@egetmetusin.ca,sagittis placerat. Cras dictum ultricies ligula.,Chadwick_Glover_Resume.pdf,2102
Damon,Mckee,4242,(756) 802-6965,enim.mauris@lectusconvallis.ca,eu enim. Etiam imperdiet dictum magna.,Genevieve_Murphy_Files.pdf,6929
Aiko,Sandoval,4359,1-957-464-3389,odio@dolor.co.uk,"Ira,Hernandez,56,1-165-778-4244,eget.nisi@magnisdisparturient.org,aliquet magna a neque. Nullam ut nisi a odio semper cursus. Integer mollis. Integer tincidunt,Indigo_Whitfield_Files.pdf",Aiko_Sandoval_Resume.pdf,7243
Nelle,Greene,5700,(226) 435-9408,aliquet.lobortis@turpisin.ca,pulvinar arcu et pede. Nunc sed orci,Nelle_Greene_Resume.pdf,8734